{
    "r2_score": 0.9846539679230919,
    "mae": 7299.5,
    "rmse": 7590.737691423673,
    "mape": 3.0298302168571776,
    "trained_on": "2026-02-05T00:43:03.861589",
    "year_range": "2022-2025"
}